SNP,beta.HDL-C,se.HDL-C,beta.HCC,se.HCC,beta.LDL-C,se.LDL-C,beta.TG,se.TG,beta.TC,se.TC
rs1026422,0.03266,0.005247,-0.00449698,0.0331821,0,0,0,0,0,0
rs1041983,0,0,0.0519329,0.0362748,0,0,-0.02571,0.00469,0,0
rs1059611,0,0,-0.0341803,0.049636,0,0,-0.1698,0.006413,0,0
rs10761089,0.03859,0.006435,-0.0377124,0.040539,0,0,0,0,0,0
rs10793129,-0.03438,0.00614,-0.0682957,0.0371957,0,0,0,0,0,0
rs10846742,0,0,0.0100872,0.036415,0,0,0,0,-0.02436,0.004291
rs11082764,0.07838,0.005219,-0.0269235,0.0331315,0,0,0,0,0,0
rs112784534,0.04164,0.006052,-0.0789278,0.0349907,0,0,0,0,0,0
rs113932726,0,0,0.0270581,0.0674228,-0.05462,0.009683,0,0,0,0
rs11606341,0,0,0.0516877,0.0426527,0,0,0.04831,0.005459,0,0
rs116893196,0,0,-0.111534,0.0650935,0,0,0,0,-0.04824,0.008708
rs116903229,0,0,-0.0268057,0.112718,0,0,0,0,0.07523,0.01272
rs116961202,0,0,0.000117532,0.0366553,0,0,0,0,-0.0377,0.004353
rs117350179,-0.0343,0.006187,0.0360975,0.0389526,0,0,0,0,0,0
rs11745603,0,0,0.0315602,0.0434731,0,0,0,0,0.04524,0.005539
rs11748027,0,0,-0.0554807,0.0346487,0,0,0,0,0.05115,0.004073
rs11784031,0,0,-0.0266835,0.115162,0,0,-0.08077,0.01072,0,0
rs12297526,-0.04446,0.007814,-0.031328,0.049323,0,0,0,0,0,0
rs12321904,0.04542,0.006238,0.0628906,0.0393215,0,0,0,0,0,0
rs12446515,0.248,0.006554,-0.00233299,0.0418088,0,0,0,0,0,0
rs12531645,0,0,-0.177323,0.0558412,0,0,-0.1056,0.007161,0,0
rs12566041,0,0,-0.0505816,0.112728,0,0,0,0,0.1101,0.01268
rs1260326,0,0,-0.086455,0.0333687,0,0,-0.08881,0.004306,0,0
rs12713468,0,0,0.0400888,0.039627,0,0,0,0,-0.02551,0.004669
rs12917140,0.06772,0.008959,-0.0657025,0.0469046,0,0,0,0,0,0
rs1358980,-0.0313,0.005261,0.0254054,0.0331215,0,0,0,0,0,0
rs143722364,0.1315,0.01415,0.065431,0.0805857,0,0,0,0,0,0
rs149726725,0,0,-0.00148229,0.110877,0.1793,0.01705,0,0,0,0
rs154254,0,0,0.0332562,0.034091,0,0,0.0253,0.004379,0,0
rs174551,0,0,-0.0698508,0.0339183,0,0,0.03515,0.004527,0,0
rs1800588,0,0,0.0632302,0.0329924,0,0,0.06402,0.004265,0.05965,0.003889
rs1883025,-0.1081,0.00585,0.0521867,0.0365864,0,0,0,0,0,0
rs2001846,0,0,-0.0276176,0.0333385,-0.03046,0.005245,0,0,0,0
rs2008915,0,0,0.0703874,0.0346066,0,0,0,0,-0.0236,0.004038
rs2070895,0.1322,0.005235,0.0637076,0.0330421,0,0,0,0,0,0
rs2114273,0,0,-0.0416914,0.0344413,0,0,0.02806,0.004532,0,0
rs2144300,0.03663,0.006685,-0.0232275,0.0423329,0,0,-0.02985,0.005447,0,0
rs2146324,0,0,0.0279379,0.056193,0,0,0.04857,0.007541,0,0
rs2179853,0,0,-0.0142652,0.0426905,0,0,0,0,-0.03599,0.005025
rs219558,0,0,-0.057521,0.0409915,0.04785,0.006992,0,0,0,0
rs2230808,0.04999,0.005351,0.00370304,0.0338545,0,0,0,0,0,0
rs2243616,0,0,-0.0352878,0.0330286,0,0,0,0,-0.02495,0.004022
rs2278426,0,0,0.025633,0.0373343,0,0,-0.03571,0.004841,0,0
rs2337901,0,0,-0.0304032,0.0378303,-0.05166,0.005941,0,0,-0.03932,0.004456
rs235314,-0.03324,0.00529,0.00433997,0.0337393,0,0,0,0,0,0
rs2575876,0,0,0.0499901,0.036887,0,0,0,0,-0.05618,0.004351
rs2679617,0,0,-0.0697152,0.0379065,0,0,-0.02709,0.004853,0,0
rs2737252,0,0,0.0338428,0.0372303,0,0,0,0,-0.02657,0.00439
rs2738464,0,0,-0.0567967,0.0355942,0.07458,0.005624,0,0,0,0
rs2738464,0,0,-0.0567967,0.0355942,0,0,0,0,0.06158,0.004194
rs28366301,0.03687,0.005664,-0.0413164,0.0383894,0,0,0,0,0,0
rs28537499,0,0,0.0100518,0.0336725,-0.03394,0.005325,0,0,0,0
rs28817269,-0.0377,0.006388,0.0103407,0.0380091,0,0,0,0,0,0
rs2925979,0.03966,0.00553,0.0791438,0.0349385,0,0,0,0,0,0
rs2950835,0,0,-0.0752266,0.0354185,0,0,0,0,-0.0355,0.004404
rs2954021,0,0,-0.0269334,0.033189,0,0,-0.05782,0.004265,0,0
rs3093679,0,0,0.0375513,0.0452686,-0.04275,0.00712,0,0,0,0
rs325,0.1483,0.007858,-0.0366814,0.0496468,0,0,0,0,0,0
rs34750569,0,0,-0.0282963,0.0452895,0,0,0,0,-0.03283,0.005374
rs35469118,0,0,-0.0674771,0.0352595,0,0,0.03525,0.004548,0,0
rs35529421,0,0,0.0686274,0.0472683,0,0,-0.07475,0.006331,0,0
rs36075572,0.03118,0.005535,0.0223026,0.0352868,0,0,0,0,0,0
rs3741297,-0.2579,0.00965,0.0240133,0.0676749,0,0,0,0,0,0
rs3752442,0,0,0.00809817,0.0335694,0,0,-0.03353,0.004349,0,0
rs3786247,0,0,-0.0268271,0.0330977,0,0,0,0,0.04427,0.00389
rs3808447,0.04848,0.006163,0.032751,0.0376232,0,0,0,0,0,0
rs3846661,0,0,-0.0511694,0.0330589,0.06316,0.005451,0,0,0,0
rs41280378,0,0,0.0234615,0.0396785,-0.04845,0.006252,0,0,0,0
rs4149297,0,0,-0.081914,0.0537912,0,0,0,0,-0.04667,0.00632
rs429358,-0.08948,0.00879,-0.0224153,0.0555881,0,0,0,0,0,0
rs4389834,0,0,0.0706987,0.033683,0,0,0.02606,0.004361,0,0
rs4411227,0,0,-0.018288,0.0368726,0,0,-0.0369,0.004526,0,0
rs45576433,0,0,0.0474766,0.0545842,0,0,0,0,-0.0619,0.006188
rs4567697,-0.05274,0.005704,0.00461554,0.0357845,0,0,0,0,0,0
rs4665709,0,0,0.0309169,0.0593078,0,0,0.05058,0.007559,0,0
rs4765613,-0.0328,0.005433,0.0398516,0.0339896,0,0,0,0,0,0
rs4803766,0,0,0.0299968,0.0336323,0,0,0,0,0.028,0.003958
rs4917630,-0.03894,0.005432,0.0438661,0.0345139,0,0,0,0,0,0
rs4938293,-0.03313,0.005666,-0.00853888,0.034859,0,0,0,0,0,0
rs4939886,0,0,0.048242,0.0395231,0,0,0,0,0.02693,0.004681
rs5167,0,0,-0.0726885,0.0330102,-0.03892,0.005191,0,0,0,0
rs553427,0,0,-0.0724546,0.0369712,0.03482,0.005757,0,0,0,0
rs557933,0,0,-0.0661312,0.037062,0,0,0,0,0.02899,0.004321
rs55935382,0,0,-0.0149108,0.033633,0,0,0,0,0.02268,0.003928
rs56141372,0.04436,0.006585,0.0981787,0.042392,0,0,0,0,0,0
rs56156922,0,0,-0.0021471,0.041213,0,0,-0.03734,0.005271,0.05698,0.00481
rs56273021,0.04283,0.006134,-0.0167489,0.0379835,0,0,0,0,0,0
rs56303487,0.06921,0.007719,-0.056136,0.0479998,0,0,0,0,0,0
rs56668103,0,0,0.0500751,0.0372583,0.03384,0.00585,0,0,0.02571,0.004367
rs56903760,0,0,-0.023682,0.0374363,0.0334,0.005917,0,0,0,0
rs57594838,0,0,0.0793732,0.0369303,0,0,0,0,-0.02677,0.004324
rs57825321,0,0,0.0184953,0.0506222,-0.09537,0.008365,0,0,-0.07307,0.006227
rs58143210,0,0,0.0135672,0.0344701,0,0,0,0,-0.02242,0.004038
rs58542926,0,0,0.0982426,0.0614738,0,0,-0.06384,0.008566,0,0
rs60711290,0.03519,0.005916,-0.0378637,0.0374892,0,0,0,0,0,0
rs62074014,0,0,0.0512968,0.0355657,0,0,0,0,-0.02651,0.004469
rs62117162,0,0,-0.0188069,0.0442479,0.04092,0.006887,0,0,0,0
rs6421418,-0.03834,0.005374,0.069752,0.0339585,0,0,0.03516,0.004388,0,0
rs646776,0,0,-0.148448,0.0633486,0,0,0,0,0.08159,0.007572
rs660240,0,0,-0.144469,0.0633465,0.1122,0.01013,0,0,0,0
rs6685271,-0.0387,0.006028,-0.0363189,0.0349333,0,0,0,0,0,0
rs67053123,0.07064,0.005942,-0.0696609,0.0397834,0,0,0,0,0,0
rs6882076,0,0,0.0320515,0.0434004,0.04276,0.007473,0,0,0,0
rs6970673,0,0,0.0101884,0.0336973,0,0,0,0,-0.02274,0.003982
rs6982502,0,0,-0.0283878,0.0331341,0,0,0,0,-0.03211,0.003904
rs7165077,-0.1001,0.005503,-0.00242832,0.0347097,0,0,-0.03645,0.004488,0,0
rs7196503,0.03727,0.00667,-0.000815269,0.0399491,0,0,0,0,0,0
rs7254892,0,0,-0.074236,0.0866699,-0.4304,0.01294,0,0,0,0
rs72645461,0.0305,0.005476,0.000801918,0.0347756,0,0,-0.04183,0.00447,0,0
rs72654473,0.08435,0.01355,-0.0976341,0.0831595,0,0,0,0,0,0
rs7298751,0,0,0.0587958,0.0371682,0,0,0,0,-0.02458,0.004301
rs7350481,0.09017,0.005842,0.05374,0.0369024,0,0,-0.1668,0.004807,0,0
rs737337,0,0,0.0200699,0.0372889,-0.03363,0.005887,0,0,-0.04973,0.004405
rs74368849,0,0,0.0180389,0.0696802,0,0,0.3178,0.009015,0,0
rs7445,-0.04087,0.0053,0.0178584,0.0331419,0,0,0,0,0,0
rs75061399,0,0,-0.00593258,0.0395073,0.03396,0.006221,0,0,0,0
rs75214121,0,0,-0.00607219,0.0368584,-0.03326,0.005784,0,0,0,0
rs7523141,0,0,-0.04566,0.037761,0.06155,0.00592,0,0,0,0
rs75352129,0,0,0.0891156,0.0825915,0.2101,0.01298,0,0,0.1304,0.009929
rs75542613,0,0,0.0445227,0.068483,0,0,0,0,-0.06857,0.008708
rs75627662,0,0,-0.0954708,0.0524234,0,0,0.09071,0.006682,0,0
rs75766425,0,0,-0.0454537,0.0498449,0,0,-0.0379,0.00666,0,0
rs76083992,-0.08508,0.01123,-0.0567396,0.0701818,0,0,0,0,0,0
rs76083992,0,0,-0.0567396,0.0701818,0,0,0.0704,0.009139,0,0
rs76213020,0.04521,0.00793,-0.0363069,0.0490557,0,0,0,0,0,0
rs77303550,0,0,-0.0357405,0.0420202,-0.05635,0.00698,0,0,-0.06067,0.005213
rs7778167,0.05556,0.008285,-0.0474965,0.0527875,0,0,0,0,0,0
rs78295286,0,0,-0.0120346,0.0638449,0,0,0,0,-0.04575,0.007686
rs7847628,-0.03203,0.005671,0.0100611,0.0335327,0,0,0,0,0,0
rs7895716,0.0353,0.005487,-0.0256997,0.034935,0,0,0,0,0,0
rs7916868,0,0,-0.0128138,0.0381999,0,0,-0.0329,0.005128,0,0
rs79901333,0,0,0.0153604,0.042927,0.04827,0.006763,0,0,0,0
rs8024755,0,0,0.000136779,0.0343028,0,0,0,0,-0.03396,0.00404
rs9411378,0,0,-0.031713,0.0395059,0.05624,0.006199,0,0,0.05115,0.004638
rs948937,0.03657,0.006339,0.0518267,0.0397037,0,0,0,0,0,0
rs97384,0,0,0.074566,0.0366018,0,0,0,0,0.03637,0.004383
rs9888848,0.05698,0.008935,-0.0570545,0.0572641,0,0,0,0,0,0
